configuracion,num_estaciones,num_ciclos,intensidad,Ts,Tthread,Tprocess,Sthread,Sprocess,mediciones_seq,alertas_seq
4est_10cic,4,10,2000,0.329282,0.336938,0.111596,0.977278,2.950664,240,4
8est_20cic,8,20,2000,1.355457,1.359992,0.314438,0.996666,4.310735,960,22
12est_30cic,12,30,2000,3.023375,3.058315,0.667476,0.988576,4.529566,2160,46
